id,class
0,0
1,0
2,0
3,0
4,1
5,2
6,0
7,1
8,13
9,0
10,1
11,0
12,0
13,0
14,0
15,0
16,0
17,3
18,0
19,1
20,7
21,0
22,1
23,0
24,2
25,4
26,1
27,0
28,0
29,1
30,0
31,0
32,1
33,0
34,0
35,0
36,1
37,0
38,0
39,0
40,0
41,10
42,0
43,0
44,1
45,1
46,0
47,0
48,18
49,1
50,1
51,4
52,1
53,0
54,0
55,13
56,0
57,0
58,0
59,0
60,1
61,9
62,0
63,0
64,1
65,16
66,0
67,0
68,6
69,0
70,0
71,2
72,0
73,4
74,0
75,1
76,2
77,0
78,39
79,3
80,3
81,2
82,11
83,0
84,26
85,0
86,2
87,0
88,0
89,6
90,0
91,0
92,0
93,0
94,0
95,0
96,2
97,0
98,1
99,11
100,0
101,0
102,28
103,0
104,35
105,0
106,2
107,4
108,0
109,5
110,1
111,12
112,1
113,2
114,0
115,0
116,0
117,1
118,1
119,28
120,0
121,0
122,1
123,0
124,7
125,0
126,2
127,1
128,0
129,1
130,2
131,11
132,1
133,1
134,0
135,0
136,26
137,1
138,0
139,0
140,28
141,0
142,0
143,11
144,0
145,2
146,0
147,17
148,0
149,0
150,2
151,0
152,0
153,21
154,0
155,0
156,2
157,1
158,0
159,0
160,0
161,0
162,0
163,1
164,0
165,1
166,0
167,0
168,0
169,0
170,7
171,1
172,9
173,1
174,8
175,1
176,7
177,0
178,0
179,0
180,2
181,1
182,0
183,0
184,21
185,1
186,0
187,0
188,0
189,1
190,1
191,16
192,16
193,0
194,1
195,0
196,1
197,8
198,0
199,10
200,9
201,0
202,0
203,0
204,0
205,0
206,1
207,0
208,0
209,0
210,26
211,1
212,15
213,0
214,0
215,0
216,0
217,4
218,0
219,2
220,0
221,0
222,0
223,3
224,0
225,1
226,0
227,7
228,0
229,0
230,0
231,13
232,0
233,1
234,0
235,6
236,1
237,0
238,0
239,0
240,0
241,0
242,30
243,15
244,0
245,2
246,2
247,7
248,8
249,1
250,0
251,7
252,24
253,0
254,7
255,2
256,1
257,1
258,0
259,1
260,0
261,0
262,0
263,4
264,2
265,15
266,0
267,2
268,1
269,1
270,0
271,1
272,23
273,0
274,1
275,0
276,2
277,4
278,1
279,0
280,1
281,0
282,25
283,0
284,0
285,0
286,0
287,0
288,2
289,1
290,6
291,0
292,0
293,1
294,1
295,0
296,0
297,0
298,0
299,18
300,0
301,18
302,1
303,1
304,0
305,0
306,0
307,23
308,0
309,1
310,0
311,1
312,0
313,0
314,0
315,2
316,1
317,7
318,12
319,0
320,13
321,1
322,0
323,6
324,28
325,0
326,1
327,0
328,13
329,0
330,6
331,0
332,0
333,0
334,2
335,1
336,0
337,0
338,0
339,2
340,9
341,24
342,0
343,0
344,30
345,0
346,0
347,0
348,25
349,0
350,9
351,0
352,0
353,0
354,0
355,0
356,0
357,7
358,0
359,0
360,0
361,1
362,0
363,5
364,0
365,0
366,0
367,16
368,1
369,0
370,1
371,0
372,0
373,0
374,1
375,0
376,0
377,0
378,0
379,0
380,0
381,0
382,0
383,0
384,1
385,4
386,21
387,2
388,2
389,1
390,1
391,0
392,36
393,0
394,0
395,0
396,7
397,1
398,0
399,0
400,0
401,1
402,0
403,1
404,2
405,2
406,0
407,0
408,0
409,0
410,0
411,0
412,0
413,2
414,1
415,0
416,1
417,0
418,0
419,2
420,0
421,0
422,1
423,0
424,0
425,16
426,0
427,16
428,0
429,0
430,6
431,1
432,0
433,7
434,32
435,0
436,0
437,0
438,12
439,0
440,0
441,8
442,0
443,25
444,30
445,0
446,21
447,0
448,0
449,0
450,0
451,22
452,0
453,1
454,0
455,0
456,0
457,0
458,0
459,0
460,1
461,0
462,0
463,0
464,28
465,0
466,1
467,1
468,1
469,9
470,25
471,0
472,0
473,0
474,0
475,4
476,0
477,0
478,36
479,1
480,1
481,1
482,7
483,1
484,0
485,0
486,1
487,0
488,28
489,0
490,0
491,0
492,0
493,1
494,1
495,2
496,0
497,0
498,0
499,0
500,0
501,0
502,1
503,0
504,0
505,0
506,0
507,1
508,0
509,11
510,2
511,0
512,1
513,0
514,0
515,0
516,0
517,0
518,0
519,0
520,1
521,2
522,7
523,13
524,0
525,4
526,1
527,0
528,2
529,0
530,8
531,9
532,0
533,1
534,0
535,28
536,0
537,0
538,0
539,0
540,0
541,0
542,1
543,0
544,17
545,0
546,0
547,1
548,0
549,1
550,0
551,1
552,1
553,0
554,0
555,0
556,0
557,2
558,10
559,0
560,0
561,0
562,13
563,0
564,24
565,0
566,0
567,0
568,0
569,1
570,0
571,1
572,0
573,0
574,0
575,0
576,5
577,2
578,23
579,0
580,0
581,1
582,0
583,2
584,0
585,0
586,0
587,0
588,1
589,1
590,2
591,0
592,0
593,16
594,2
595,0
596,2
597,1
598,29
599,0
600,26
601,0
602,0
603,0
604,1
605,1
606,0
607,1
608,0
609,0
610,4
611,0
612,0
613,7
614,0
615,0
616,0
617,0
618,1
619,0
620,0
621,0
622,0
623,0
624,1
625,11
626,0
627,0
628,0
629,0
630,9
631,0
632,1
633,0
634,1
635,0
636,0
637,0
638,6
639,0
640,0
641,8
642,1
643,1
644,1
645,3
646,2
647,11
648,0
649,0
650,0
651,0
652,0
653,7
654,8
655,6
656,0
657,28
658,0
659,0
660,0
661,1
662,0
663,28
664,6
665,0
666,8
667,0
668,16
669,0
670,0
671,13
672,2
673,0
674,0
675,1
676,0
677,1
678,0
679,0
680,2
681,0
682,1
683,0
684,0
685,1
686,0
687,0
688,28
689,1
690,0
691,0
692,0
693,1
694,0
695,1
696,8
697,1
698,0
699,0
700,2
701,0
702,0
703,0
704,1
705,8
706,36
707,2
708,2
709,0
710,0
711,8
712,11
713,25
714,0
715,2
716,0
717,1
718,0
719,1
720,1
721,0
722,0
723,0
724,1
725,5
726,9
727,1
728,1
729,0
730,0
731,0
732,0
733,13
734,0
735,0
736,1
737,1
738,7
739,0
740,2
741,0
742,0
743,2
744,0
745,0
746,0
747,30
748,0
749,0
750,7
751,0
752,2
753,0
754,13
755,0
756,1
757,7
758,1
759,0
760,2
761,0
762,0
763,1
764,28
765,9
766,4
767,0
768,8
769,0
770,0
771,0
772,0
773,0
774,0
775,0
776,1
777,5
778,16
779,0
780,0
781,1
782,1
783,0
784,1
785,0
786,0
787,0
788,0
789,1
790,1
791,1
792,2
793,0
794,0
795,0
796,0
797,0
798,7
799,0
800,0
801,30
802,0
803,0
804,1
805,2
806,0
807,0
808,1
809,1
810,0
811,0
812,1
813,0
814,6
815,13
816,0
817,10
818,0
819,0
820,0
821,0
822,1
823,0
824,0
825,0
826,0
827,1
828,30
829,25
830,0
831,8
832,2
833,6
834,0
835,15
836,3
837,1
838,1
839,0
840,0
841,0
842,0
843,1
844,0
845,0
846,0
847,7
848,0
849,0
850,0
851,0
852,1
853,25
854,7
855,13
856,26
857,0
858,6
859,0
860,0
861,0
862,0
863,0
864,1
865,8
866,0
867,0
868,0
869,0
870,0
871,0
872,0
873,15
874,13
875,0
876,0
877,0
878,0
879,0
880,0
881,13
882,4
883,0
884,0
885,0
886,0
887,1
888,0
889,0
890,11
891,0
892,0
893,0
894,0
895,1
896,1
897,2
898,0
899,1
900,1
901,9
902,1
903,18
904,1
905,16
906,0
907,0
908,0
909,0
910,1
911,0
912,0
913,0
914,0
915,2
916,0
917,0
918,8
919,3
920,0
921,3
922,0
923,0
924,0
925,28
926,1
927,0
928,7
929,0
930,1
931,1
932,0
933,0
934,1
935,13
936,1
937,1
938,1
939,0
940,7
941,0
942,0
943,6
944,0
945,1
946,0
947,1
948,0
949,18
950,1
951,0
952,0
953,7
954,0
955,0
956,2
957,8
958,16
959,1
960,0
961,0
962,1
963,1
964,16
965,1
966,0
967,0
968,0
969,1
970,7
971,0
972,0
973,0
974,7
975,1
976,0
977,0
978,1
979,1
980,0
981,18
982,8
983,1
984,2
985,7
986,0
987,1
988,0
989,0
990,0
991,9
992,0
993,16
994,0
995,1
996,0
997,0
998,0
999,26
1000,1
1001,1
1002,0
1003,0
1004,1
1005,0
1006,0
1007,0
1008,2
1009,36
1010,0
1011,0
1012,0
1013,1
1014,0
1015,0
1016,0
1017,1
1018,6
1019,0
1020,0
1021,1
1022,0
1023,0
1024,2
1025,3
1026,4
1027,6
1028,18
1029,0
1030,7
1031,0
1032,1
1033,0
1034,0
1035,0
1036,0
1037,6
1038,4
1039,0
1040,3
1041,1
1042,23
1043,0
1044,16
1045,13
1046,1
1047,0
1048,0
1049,0
1050,26
1051,0
1052,0
1053,0
1054,0
1055,2
1056,1
1057,0
1058,1
1059,7
1060,0
1061,13
1062,0
1063,0
1064,8
1065,16
1066,24
1067,1
1068,0
1069,1
1070,18
1071,0
1072,26
1073,0
1074,18
1075,0
1076,0
1077,8
1078,0
1079,0
1080,0
1081,28
1082,0
1083,0
1084,0
1085,0
1086,9
1087,2
1088,0
1089,0
1090,0
1091,0
1092,1
1093,13
1094,2
1095,22
1096,0
1097,13
1098,0
1099,7
1100,2
1101,0
1102,0
1103,0
1104,0
1105,6
1106,0
1107,0
1108,1
1109,0
1110,0
1111,17
1112,0
1113,12
1114,1
1115,0
1116,0
1117,0
1118,0
1119,7
1120,2
1121,0
1122,7
1123,27
1124,0
1125,7
1126,0
1127,0
1128,1
1129,0
1130,2
1131,16
1132,5
1133,7
1134,0
1135,36
1136,0
1137,1
1138,1
1139,0
1140,0
1141,1
1142,2
1143,0
1144,1
1145,10
1146,0
1147,0
1148,0
1149,0
1150,7
1151,0
1152,0
1153,13
1154,0
1155,0
1156,28
1157,2
1158,1
1159,0
1160,0
1161,0
1162,1
1163,0
1164,0
1165,13
1166,0
1167,0
1168,1
1169,0
1170,1
1171,23
1172,36
1173,0
1174,1
1175,0
1176,30
1177,0
1178,6
1179,0
1180,0
1181,0
1182,2
1183,0
1184,0
1185,1
1186,0
1187,0
1188,2
1189,11
1190,0
1191,0
1192,4
1193,0
1194,0
1195,0
1196,13
1197,1
1198,32
1199,13
1200,0
1201,0
1202,18
1203,7
1204,1
1205,0
1206,3
1207,1
1208,11
1209,0
1210,0
1211,1
1212,2
1213,13
1214,2
1215,0
1216,4
1217,1
1218,18
1219,0
1220,7
1221,2
1222,0
1223,0
1224,0
1225,0
1226,1
1227,1
1228,12
1229,0
1230,0
1231,0
1232,0
1233,18
1234,7
1235,0
1236,0
1237,1
1238,26
1239,7
1240,1
1241,9
1242,0
1243,0
1244,30
1245,1
1246,0
1247,2
1248,1
1249,28
1250,29
1251,0
1252,0
1253,18
1254,0
1255,1
1256,1
1257,0
1258,0
1259,0
1260,1
1261,0
1262,0
1263,36
1264,0
1265,0
1266,0
1267,0
1268,5
1269,0
1270,0
1271,0
1272,1
1273,1
1274,0
1275,0
1276,0
1277,0
1278,15
1279,0
1280,7
1281,0
1282,3
1283,0
1284,28
1285,0
1286,0
1287,0
1288,0
1289,0
1290,0
1291,13
1292,0
1293,0
1294,29
1295,0
1296,5
1297,0
1298,4
1299,0
1300,28
1301,0
1302,1
1303,0
1304,13
1305,0
1306,0
1307,2
1308,0
1309,0
1310,0
1311,16
1312,0
1313,2
1314,0
1315,17
1316,0
1317,0
1318,13
1319,6
1320,0
1321,1
1322,0
1323,1
1324,2
1325,0
1326,0
1327,23
1328,0
1329,0
1330,0
1331,0
1332,6
1333,0
1334,0
1335,0
1336,0
1337,1
1338,25
1339,0
1340,1
1341,1
1342,1
1343,1
1344,8
1345,2
1346,1
1347,2
1348,7
1349,0
1350,36
1351,0
1352,0
1353,0
1354,30
1355,0
1356,1
1357,0
1358,0
1359,0
1360,1
1361,0
1362,1
1363,13
1364,0
1365,28
1366,6
1367,0
1368,1
1369,1
1370,0
1371,28
1372,0
1373,8
1374,0
1375,0
1376,3
1377,0
1378,0
1379,0
1380,17
1381,0
1382,6
1383,0
1384,0
1385,0
1386,0
1387,0
1388,0
1389,1
1390,0
1391,13
1392,0
1393,0
1394,7
1395,1
1396,1
1397,0
1398,0
1399,2
1400,0
1401,0
1402,0
1403,6
1404,0
1405,0
1406,0
1407,1
1408,4
1409,26
1410,0
1411,0
1412,1
1413,0
1414,0
1415,1
1416,13
1417,1
1418,0
1419,0
1420,5
1421,0
1422,28
1423,0
1424,0
1425,2
1426,0
1427,0
1428,1
1429,1
1430,0
1431,0
1432,0
1433,0
1434,1
1435,13
1436,1
1437,0
1438,0
1439,0
1440,1
1441,0
1442,6
1443,0
1444,0
1445,0
1446,0
1447,0
1448,0
1449,1
1450,17
1451,1
1452,9
1453,0
1454,25
1455,6
1456,0
1457,1
1458,7
1459,0
1460,0
1461,0
1462,0
1463,0
1464,29
1465,9
1466,1
1467,0
1468,7
1469,0
1470,26
1471,1
1472,0
1473,1
1474,0
1475,0
1476,0
1477,0
1478,13
1479,9
1480,0
1481,2
1482,1
1483,0
1484,0
1485,0
1486,8
1487,0
1488,30
1489,1
1490,0
1491,0
1492,30
1493,13
1494,1
1495,0
1496,25
1497,0
1498,1
1499,0
1500,0
1501,7
1502,2
1503,1
1504,0
1505,16
1506,0
1507,0
1508,1
1509,0
1510,0
1511,1
1512,0
1513,0
1514,0
1515,1
1516,1
1517,1
1518,0
1519,28
1520,0
1521,0
1522,1
1523,0
1524,0
1525,0
1526,0
1527,0
1528,0
1529,16
1530,8
1531,0
1532,6
1533,2
1534,0
1535,0
1536,0
1537,2
1538,1
1539,12
1540,0
1541,0
1542,1
1543,7
1544,0
1545,9
1546,0
1547,2
1548,0
1549,1
1550,0
1551,1
1552,0
1553,32
1554,7
1555,1
1556,15
1557,2
1558,0
1559,0
1560,0
1561,9
1562,1
1563,30
1564,25
1565,2
1566,2
1567,0
1568,0
1569,1
1570,0
1571,0
1572,0
1573,25
1574,1
1575,12
1576,1
1577,0
1578,0
1579,0
1580,24
1581,0
1582,0
1583,4
1584,2
1585,11
1586,0
1587,0
1588,0
1589,0
1590,1
1591,0
1592,1
1593,0
1594,28
1595,0
1596,1
1597,0
1598,0
1599,0
1600,4
1601,0
1602,0
1603,15
1604,32
1605,1
1606,0
1607,0
1608,0
1609,8
1610,0
1611,1
1612,0
1613,0
1614,0
1615,13
1616,2
1617,36
1618,0
1619,18
1620,0
1621,0
1622,0
1623,0
1624,1
1625,0
1626,0
1627,0
1628,0
1629,0
1630,0
1631,39
1632,1
1633,0
1634,16
1635,0
1636,0
1637,0
1638,1
1639,0
1640,13
1641,0
1642,11
1643,0
1644,0
1645,0
1646,0
1647,0
1648,0
1649,0
1650,36
1651,1
1652,6
1653,0
1654,0
1655,0
1656,0
1657,5
1658,20
1659,0
1660,1
1661,0
1662,3
1663,0
1664,1
1665,0
1666,0
1667,0
1668,7
1669,0
1670,5
1671,4
1672,0
1673,24
1674,0
1675,7
1676,1
1677,0
1678,0
1679,0
1680,7
1681,0
1682,0
1683,0
1684,2
1685,30
1686,7
1687,0
1688,0
1689,0
1690,1
1691,19
1692,2
1693,9
1694,0
1695,0
1696,0
1697,0
1698,0
1699,0
1700,0
1701,28
1702,1
1703,0
1704,0
1705,0
1706,0
1707,0
1708,0
1709,0
1710,2
1711,0
1712,7
1713,0
1714,0
1715,13
1716,0
1717,1
1718,30
1719,0
1720,1
1721,8
1722,1
1723,3
1724,0
1725,7
1726,0
1727,0
1728,5
1729,2
1730,0
1731,0
1732,0
1733,2
1734,0
1735,6
1736,2
1737,11
1738,0
1739,0
1740,0
1741,0
1742,0
1743,39
1744,0
1745,7
1746,4
1747,0
1748,24
1749,23
1750,0
1751,1
1752,0
1753,0
1754,1
1755,0
1756,0
1757,0
1758,0
1759,1
1760,1
1761,0
1762,0
1763,1
1764,1
1765,8
1766,13
1767,0
1768,0
1769,0
1770,0
1771,2
1772,0
1773,0
1774,0
1775,13
1776,1
1777,1
1778,0
1779,0
1780,13
1781,1
1782,0
1783,11
1784,0
1785,0
1786,0
1787,36
1788,1
1789,0
1790,0
1791,0
1792,4
1793,0
1794,1
1795,0
1796,1
1797,0
1798,13
1799,0
1800,2
1801,1
1802,32
1803,26
1804,15
1805,0
1806,0
1807,0
1808,0
1809,0
1810,1
1811,0
1812,1
1813,1
1814,0
1815,1
1816,2
1817,11
1818,0
1819,7
1820,1
1821,0
1822,0
1823,0
1824,0
1825,0
1826,0
1827,7
1828,7
1829,2
1830,0
1831,1
1832,13
1833,0
1834,0
1835,1
1836,0
1837,28
1838,6
1839,0
1840,0
1841,0
1842,0
1843,1
1844,0
1845,13
1846,0
1847,0
1848,0
1849,0
1850,0
1851,0
1852,0
1853,0
1854,0
1855,28
1856,1
1857,0
1858,1
1859,0
1860,2
1861,0
1862,2
1863,1
1864,26
1865,2
1866,1
1867,0
1868,26
1869,0
1870,1
1871,0
1872,1
1873,7
1874,0
1875,0
1876,0
1877,0
1878,0
1879,13
1880,5
1881,0
1882,0
1883,0
1884,7
1885,1
1886,0
1887,0
1888,0
1889,7
1890,0
1891,0
1892,1
1893,0
1894,0
1895,0
1896,2
1897,2
1898,1
1899,0
1900,7
1901,0
1902,2
1903,0
1904,0
1905,0
1906,0
1907,0
1908,1
1909,11
1910,0
1911,0
1912,0
1913,2
1914,0
1915,7
1916,2
1917,0
1918,1
1919,0
1920,0
1921,21
1922,22
1923,7
1924,0
1925,0
1926,0
1927,28
1928,0
1929,0
1930,6
1931,0
1932,0
1933,0
1934,16
1935,0
1936,2
1937,0
1938,0
1939,0
1940,0
1941,2
1942,0
1943,0
1944,0
1945,0
1946,0
1947,0
1948,1
1949,0
1950,25
1951,0
1952,2
1953,3
1954,0
1955,0
1956,8
1957,0
1958,2
1959,0
1960,8
1961,0
1962,6
1963,1
1964,23
1965,26
1966,2
1967,16
1968,0
1969,16
1970,0
1971,0
1972,1
1973,1
1974,0
1975,1
1976,2
1977,0
1978,0
1979,0
1980,1
1981,1
1982,0
1983,7
1984,0
1985,0
1986,2
1987,2
1988,0
1989,0
1990,39
1991,0
1992,0
1993,18
1994,0
1995,21
1996,0
1997,0
1998,0
1999,10
2000,1
2001,13
2002,0
2003,0
2004,0
2005,9
2006,0
2007,1
2008,1
2009,0
2010,0
2011,0
2012,0
2013,2
2014,1
2015,28
2016,0
2017,1
2018,0
2019,0
2020,7
2021,4
2022,0
2023,0
2024,0
2025,1
2026,0
2027,0
2028,26
2029,0
2030,0
2031,6
2032,0
2033,0
2034,0
2035,2
2036,2
2037,0
2038,0
2039,0
2040,0
2041,0
2042,0
2043,8
2044,1
2045,0
2046,1
2047,16
2048,0
2049,0
2050,0
2051,1
2052,1
2053,0
2054,0
2055,0
2056,0
2057,0
2058,6
2059,0
2060,2
2061,0
2062,1
2063,0
2064,1
2065,0
2066,4
2067,8
2068,1
2069,1
2070,0
2071,5
2072,2
2073,9
2074,1
2075,1
2076,1
2077,19
2078,0
2079,0
2080,24
2081,1
2082,0
2083,1
2084,7
2085,0
2086,2
2087,0
2088,1
2089,35
2090,0
2091,0
2092,0
2093,0
2094,25
2095,1
2096,2
2097,0
2098,19
2099,6
2100,0
2101,5
2102,0
2103,0
2104,0
2105,0
2106,0
2107,8
2108,1
2109,28
2110,8
2111,0
2112,0
2113,9
2114,0
2115,0
2116,0
2117,28
2118,16
2119,0
2120,15
2121,0
2122,0
2123,0
2124,1
2125,0
2126,1
2127,0
2128,0
2129,0
2130,36
2131,0
2132,1
2133,13
2134,0
2135,0
2136,0
2137,0
2138,36
2139,1
2140,1
2141,0
2142,0
2143,0
2144,28
2145,0
2146,9
2147,0
2148,0
2149,0
2150,16
2151,1
2152,0
2153,0
2154,0
2155,13
2156,1
2157,0
2158,12
2159,0
2160,0
2161,0
2162,0
2163,13
2164,0
2165,1
2166,0
2167,2
2168,2
2169,0
2170,0
2171,0
2172,0
2173,0
2174,0
2175,0
2176,0
2177,0
2178,0
2179,0
2180,13
2181,3
2182,1
2183,26
2184,0
2185,1
2186,0
2187,0
2188,13
2189,1
2190,0
2191,0
2192,0
2193,0
2194,0
2195,1
2196,1
2197,0
2198,7
2199,1
2200,0
2201,2
2202,0
2203,30
2204,0
2205,1
2206,30
2207,18
2208,0
2209,0
2210,28
2211,0
2212,11
2213,0
2214,0
2215,30
2216,0
2217,17
2218,1
2219,0
2220,0
2221,0
2222,6
2223,0
2224,7
2225,0
2226,1
2227,16
2228,0
2229,0
2230,0
2231,0
2232,2
2233,0
2234,0
2235,0
2236,38
2237,0
2238,11
2239,0
2240,1
2241,0
2242,16
2243,0
2244,2
2245,7
2246,0
2247,0
2248,19
2249,2
2250,0
2251,0
2252,25
2253,0
2254,0
2255,0
2256,2
2257,7
2258,0
2259,0
2260,1
2261,1
2262,0
2263,1
2264,9
2265,2
2266,6
2267,1
2268,0
2269,4
2270,0
2271,0
2272,0
2273,1
2274,0
2275,2
2276,1
2277,1
2278,6
2279,16
2280,0
2281,1
2282,1
2283,4
2284,1
2285,7
2286,0
2287,0
2288,4
2289,1
2290,1
2291,0
2292,0
2293,0
2294,6
2295,0
2296,2
2297,0
2298,1
2299,0
2300,0
2301,0
2302,4
2303,0
2304,1
2305,2
2306,2
2307,0
2308,0
2309,9
2310,0
2311,0
2312,9
2313,1
2314,2
2315,0
2316,1
2317,1
2318,2
2319,0
2320,0
2321,7
2322,0
2323,0
2324,2
2325,11
2326,7
2327,23
2328,0
2329,13
2330,0
2331,0
2332,1
2333,1
2334,1
2335,3
2336,2
2337,1
2338,26
2339,25
2340,2
2341,9
2342,7
2343,0
2344,36
2345,1
2346,0
2347,0
2348,8
2349,0
2350,0
2351,2
2352,6
2353,0
2354,0
2355,11
2356,1
2357,0
2358,9
2359,0
2360,8
2361,1
2362,1
2363,1
2364,0
2365,8
2366,0
2367,1
2368,7
2369,17
2370,1
2371,0
2372,0
2373,0
2374,8
2375,0
2376,0
2377,1
2378,0
2379,0
2380,0
2381,0
2382,0
2383,0
2384,25
2385,0
2386,0
2387,0
2388,0
2389,0
2390,0
2391,0
2392,0
2393,0
2394,1
2395,1
2396,0
2397,1
2398,0
2399,28
2400,0
2401,0
2402,0
2403,0
2404,0
2405,1
2406,0
2407,1
2408,0
2409,0
2410,1
2411,0
2412,0
2413,0
2414,0
2415,1
2416,0
2417,0
2418,1
2419,9
2420,0
2421,0
2422,12
2423,1
2424,0
2425,1
2426,2
2427,4
2428,0
2429,1
2430,0
2431,0
2432,0
2433,18
2434,0
2435,0
2436,0
2437,0
2438,0
2439,1
2440,1
2441,0
2442,0
2443,0
2444,0
2445,1
2446,0
2447,0
2448,0
2449,0
2450,0
2451,8
2452,11
2453,0
2454,0
2455,0
2456,15
2457,0
2458,4
2459,1
2460,0
2461,0
2462,30
2463,13
2464,2
2465,4
2466,13
2467,0
2468,0
2469,0
2470,3
2471,1
2472,0
2473,0
2474,0
2475,16
2476,0
2477,0
2478,0
2479,1
2480,1
2481,0
2482,0
2483,28
2484,4
2485,0
2486,2
2487,1
2488,0
2489,1
2490,0
2491,17
2492,0
2493,0
2494,0
2495,0
2496,9
2497,0
2498,0
2499,0
2500,0
2501,5
2502,0
2503,6
2504,0
2505,0
2506,1
2507,0
2508,0
2509,0
2510,28
2511,3
2512,2
2513,6
2514,0
2515,32
2516,0
2517,0
2518,0
2519,0
2520,0
2521,1
2522,26
2523,0
2524,0
2525,0
2526,1
2527,1
2528,0
2529,10
2530,1
2531,0
2532,0
2533,30
2534,0
2535,0
2536,1
2537,1
2538,7
2539,7
2540,1
2541,0
2542,8
2543,0
2544,0
2545,0
2546,0
2547,2
2548,0
2549,2
2550,0
2551,0
2552,0
2553,1
2554,0
2555,2
2556,1
2557,1
2558,12
2559,1
2560,1
2561,0
2562,0
2563,1
2564,4
2565,0
2566,0
2567,1
2568,0
2569,0
2570,0
2571,0
2572,9
2573,4
2574,0
2575,0
2576,2
2577,0
2578,16
2579,2
2580,0
2581,1
2582,0
2583,0
2584,0
2585,0
2586,28
2587,8
2588,1
2589,16
2590,0
2591,0
2592,2
2593,7
2594,0
2595,3
2596,1
2597,0
2598,6
2599,0
2600,0
2601,1
2602,1
2603,0
2604,3
2605,1
2606,0
2607,1
2608,1
2609,1
2610,2
2611,0
2612,8
2613,1
2614,4
2615,0
2616,0
2617,0
2618,0
2619,2
2620,2
2621,13
2622,0
2623,16
2624,26
2625,6
2626,0
2627,0
2628,0
2629,1
2630,6
2631,0
2632,0
2633,1
2634,0
2635,12
2636,13
2637,0
2638,0
2639,2
2640,0
2641,0
2642,1
2643,7
2644,8
2645,2
2646,6
2647,0
2648,0
2649,0
2650,0
2651,0
2652,1
2653,0
2654,0
2655,0
2656,0
2657,0
2658,1
2659,0
2660,2
2661,0
2662,0
2663,28
2664,0
2665,16
2666,0
2667,0
2668,1
2669,0
2670,0
2671,0
2672,2
2673,0
2674,0
2675,7
2676,0
2677,0
2678,13
2679,0
2680,3
2681,13
2682,0
2683,1
2684,0
2685,1
2686,0
2687,0
2688,7
2689,0
2690,2
2691,1
2692,0
2693,0
2694,0
2695,5
2696,1
2697,0
2698,0
2699,1
2700,0
2701,0
2702,0
2703,2
2704,0
2705,28
2706,0
2707,2
2708,0
2709,4
2710,0
2711,13
2712,0
2713,4
2714,0
2715,0
2716,0
2717,26
2718,0
2719,1
2720,0
2721,0
2722,0
2723,0
2724,0
2725,0
2726,0
2727,0
2728,0
2729,0
2730,0
2731,0
2732,1
2733,1
2734,0
2735,0
2736,0
2737,0
2738,0
2739,1
2740,7
2741,0
2742,0
2743,7
2744,0
2745,1
2746,2
2747,0
2748,18
2749,0
2750,0
2751,1
2752,0
2753,0
2754,1
2755,0
2756,25
2757,0
2758,0
2759,0
2760,0
2761,0
2762,0
2763,1
2764,0
2765,16
2766,1
2767,0
2768,0
2769,0
2770,0
2771,0
2772,0
2773,0
2774,1
2775,0
2776,0
2777,0
2778,4
2779,1
2780,13
2781,0
2782,0
2783,0
2784,0
2785,1
2786,0
2787,0
2788,0
2789,0
2790,0
2791,0
2792,0
2793,0
2794,1
2795,1
2796,0
2797,23
2798,0
2799,13
2800,11
2801,0
2802,0
2803,7
2804,0
2805,2
2806,2
2807,0
2808,1
2809,0
2810,0
2811,7
2812,4
2813,1
2814,0
2815,0
2816,0
2817,1
2818,0
2819,7
2820,0
2821,6
2822,0
2823,0
2824,0
2825,0
2826,0
2827,0
2828,0
2829,1
2830,0
2831,0
2832,0
2833,0
2834,0
2835,7
2836,0
2837,13
2838,1
2839,0
2840,0
2841,0
2842,7
2843,11
2844,0
2845,1
2846,0
2847,1
2848,18
2849,12
2850,4
2851,0
2852,13
2853,0
2854,0
2855,0
2856,0
2857,1
2858,0
2859,0
2860,18
2861,0
2862,0
2863,0
2864,9
2865,23
2866,0
2867,0
2868,0
2869,0
2870,0
2871,0
2872,0
2873,0
2874,0
2875,0
2876,0
2877,0
2878,8
2879,1
2880,1
2881,23
2882,1
2883,0
2884,0
2885,0
2886,1
2887,15
2888,0
2889,0
2890,0
2891,0
2892,0
2893,22
2894,8
2895,13
2896,1
2897,0
2898,0
2899,0
2900,0
2901,0
2902,0
2903,1
2904,0
2905,0
2906,0
2907,0
2908,0
2909,0
2910,0
2911,0
2912,0
2913,0
2914,0
2915,8
2916,1
2917,0
2918,0
2919,1
2920,0
2921,18
2922,13
2923,12
2924,3
2925,2
2926,0
2927,0
2928,0
2929,0
2930,2
2931,0
2932,0
2933,7
2934,0
2935,28
2936,1
2937,9
2938,2
2939,1
2940,0
2941,0
2942,0
2943,0
2944,2
2945,5
2946,7
2947,0
2948,2
2949,2
2950,16
2951,2
2952,0
2953,1
2954,7
2955,8
2956,1
2957,0
2958,2
2959,1
2960,2
2961,0
2962,0
2963,0
2964,0
2965,0
2966,0
2967,2
2968,0
2969,9
2970,0
2971,0
2972,0
2973,0
2974,1
2975,0
2976,7
2977,28
2978,1
2979,13
2980,6
2981,1
2982,1
2983,4
2984,0
2985,0
2986,0
2987,0
2988,2
2989,1
2990,1
2991,0
2992,0
2993,7
2994,17
2995,0
2996,1
2997,1
2998,4
2999,0
3000,0
3001,0
3002,1
3003,17
3004,0
3005,0
3006,2
3007,0
3008,0
3009,1
3010,1
3011,2
3012,0
3013,0
3014,0
3015,0
3016,1
3017,3
3018,6
3019,7
3020,1
3021,0
3022,0
3023,0
3024,0
3025,1
3026,5
3027,0
3028,0
3029,7
3030,0
3031,0
3032,12
3033,0
3034,1
3035,10
3036,0
3037,0
3038,7
3039,0
3040,0
3041,0
3042,0
3043,0
3044,0
3045,3
3046,0
3047,0
3048,4
3049,30
3050,1
3051,16
3052,1
3053,0
3054,6
3055,7
3056,0
3057,36
3058,1
3059,0
3060,1
3061,18
3062,0
3063,1
3064,0
3065,2
3066,0
3067,0
3068,1
3069,28
3070,2
3071,0
3072,0
3073,1
3074,0
3075,0
3076,0
3077,6
3078,0
3079,1
3080,0
3081,0
3082,1
3083,1
3084,0
3085,0
3086,0
3087,1
3088,4
3089,0
3090,1
3091,7
3092,1
3093,1
3094,0
3095,0
3096,0
3097,0
3098,0
3099,1
3100,2
3101,0
3102,0
3103,13
3104,5
3105,0
3106,0
3107,16
3108,0
3109,0
3110,0
3111,0
3112,0
3113,11
3114,0
3115,7
3116,2
3117,0
3118,4
3119,0
3120,1
3121,11
3122,0
3123,1
3124,0
3125,1
3126,0
3127,0
3128,0
3129,0
3130,0
3131,7
3132,0
3133,0
3134,0
3135,0
3136,15
3137,1
3138,0
3139,0
3140,0
3141,0
3142,0
3143,18
3144,36
3145,0
3146,1
3147,2
3148,2
3149,1
3150,0
3151,4
3152,0
3153,0
3154,25
3155,0
3156,0
3157,0
3158,30
3159,7
3160,0
3161,1
3162,0
3163,4
3164,8
3165,18
3166,0
3167,30
3168,38
3169,28
3170,6
3171,0
3172,1
3173,21
3174,1
3175,0
3176,0
3177,2
3178,0
3179,17
3180,0
3181,16
3182,0
3183,1
3184,0
3185,0
3186,0
3187,15
3188,3
3189,0
3190,0
3191,0
3192,0
3193,7
3194,0
3195,0
3196,0
3197,0
3198,0
3199,0
3200,0
3201,0
3202,0
3203,1
3204,0
3205,4
3206,0
3207,0
3208,1
3209,0
3210,0
3211,0
3212,0
3213,5
3214,0
3215,0
3216,0
3217,26
3218,2
3219,1
3220,0
3221,1
3222,7
3223,0
3224,0
3225,0
3226,0
3227,0
3228,4
3229,1
3230,0
3231,0
3232,0
3233,0
3234,6
3235,4
3236,0
3237,10
3238,1
3239,1
3240,30
3241,32
3242,0
3243,0
3244,0
3245,0
3246,1
3247,0
3248,5
3249,6
3250,0
3251,0
3252,0
3253,0
3254,0
3255,0
3256,1
3257,26
3258,1
3259,0
3260,18
3261,0
3262,0
3263,36
3264,0
3265,26
3266,0
3267,0
3268,1
3269,0
3270,0
3271,0
3272,0
3273,0
3274,0
3275,1
3276,1
3277,0
3278,0
3279,1
3280,7
3281,28
3282,1
3283,0
3284,0
3285,7
3286,0
3287,1
3288,16
3289,0
3290,0
3291,12
3292,0
3293,0
3294,0
3295,0
3296,0
3297,6
3298,0
3299,0
3300,1
3301,0
3302,0
3303,0
3304,0
3305,1
3306,0
3307,2
3308,1
3309,0
3310,0
3311,4
3312,4
3313,7
3314,0
3315,26
3316,1
3317,0
3318,0
3319,1
3320,1
3321,0
3322,0
3323,0
3324,0
3325,0
3326,0
3327,26
3328,7
3329,0
3330,0
3331,6
3332,0
3333,0
3334,28
3335,0
3336,1
3337,0
3338,0
3339,0
3340,0
3341,0
3342,2
3343,1
3344,0
3345,1
3346,0
3347,0
3348,0
3349,0
3350,0
3351,0
3352,7
3353,0
3354,4
3355,26
3356,2
3357,1
3358,0
3359,0
3360,6
3361,0
3362,0
3363,2
3364,0
3365,7
3366,0
3367,0
3368,1
3369,0
3370,15
3371,1
3372,25
3373,1
3374,0
3375,0
3376,0
3377,0
3378,0
3379,1
3380,0
3381,2
3382,0
3383,1
3384,18
3385,13
3386,1
3387,1
3388,0
3389,1
3390,0
3391,0
3392,0
3393,4
3394,0
3395,26
3396,0
3397,0
3398,0
3399,0
3400,0
3401,2
3402,0
3403,0
3404,0
3405,0
3406,0
3407,0
3408,0
3409,1
3410,0
3411,0
3412,8
3413,0
3414,0
3415,0
3416,13
3417,0
3418,0
3419,0
3420,25
3421,0
3422,0
3423,21
3424,2
3425,0
3426,6
3427,0
3428,2
3429,1
3430,0
3431,13
3432,6
3433,0
3434,1
3435,0
3436,0
3437,0
3438,0
3439,0
3440,1
3441,0
3442,1
3443,3
3444,9
3445,1
3446,0
3447,0
3448,0
3449,1
3450,0
3451,15
3452,1
3453,0
3454,21
3455,1
3456,1
3457,26
3458,7
3459,1
3460,1
3461,0
3462,0
3463,4
3464,0
3465,3
3466,0
3467,0
3468,0
3469,0
3470,0
3471,0
3472,0
3473,0
3474,0
3475,2
3476,0
3477,0
3478,0
3479,0
3480,0
3481,19
3482,0
3483,0
3484,12
3485,1
3486,2
3487,3
3488,0
3489,0
3490,0
3491,0
3492,0
3493,7
3494,1
3495,21
3496,0
3497,0
3498,1
3499,1
3500,0
3501,0
3502,0
3503,0
3504,0
3505,0
3506,0
3507,0
3508,0
3509,8
3510,1
3511,18
3512,17
3513,0
3514,13
3515,2
3516,0
3517,28
3518,0
3519,2
3520,0
3521,7
3522,0
3523,0
3524,18
3525,2
3526,0
3527,0
3528,6
3529,1
3530,1
3531,1
3532,1
3533,36
3534,0
3535,0
3536,0
3537,0
3538,0
3539,1
3540,0
3541,1
3542,0
3543,26
3544,1
3545,0
3546,0
3547,7
3548,25
3549,0
3550,0
3551,2
3552,18
3553,0
3554,0
3555,1
3556,0
3557,1
3558,0
3559,0
3560,0
3561,0
3562,1
3563,0
3564,1
3565,0
3566,1
3567,0
3568,0
3569,0
3570,13
3571,26
3572,16
3573,38
3574,4
3575,0
3576,0
3577,0
3578,7
3579,1
3580,0
3581,0
3582,1
3583,26
3584,23
3585,0
3586,0
3587,0
3588,1
3589,0
3590,0
3591,7
3592,0
3593,0
3594,0
3595,1
3596,28
3597,1
3598,0
3599,1
3600,2
3601,2
3602,2
3603,2
3604,0
3605,1
3606,3
3607,0
3608,25
3609,0
3610,20
3611,0
3612,18
3613,0
3614,0
3615,6
3616,1
3617,0
3618,0
3619,0
3620,0
3621,0
3622,0
3623,0
3624,0
3625,0
3626,0
3627,0
3628,1
3629,0
3630,1
3631,0
3632,0
3633,0
3634,0
3635,0
3636,0
3637,0
3638,1
3639,0
3640,0
3641,0
3642,0
3643,2
3644,0
3645,0
3646,0
3647,0
3648,2
3649,1
3650,0
3651,36
3652,0
3653,0
3654,0
3655,1
3656,9
3657,0
3658,12
3659,0
3660,0
3661,1
3662,0
3663,25
3664,0
3665,36
3666,0
3667,0
3668,13
3669,0
3670,0
3671,0
3672,0
3673,0
3674,0
3675,0
3676,0
3677,0
3678,0
3679,0
3680,6
3681,0
3682,0
3683,13
3684,0
3685,1
3686,0
3687,0
3688,0
3689,0
3690,6
3691,0
3692,1
3693,1
3694,1
3695,0
3696,0
3697,1
3698,0
3699,0
3700,1
3701,1
3702,0
3703,0
3704,1
3705,6
3706,7
3707,4
3708,0
3709,0
3710,0
3711,0
3712,17
3713,26
3714,1
3715,32
3716,0
3717,0
3718,0
3719,30
3720,1
3721,0
3722,0
3723,1
3724,0
3725,0
3726,1
3727,0
3728,0
3729,0
3730,0
3731,3
3732,0
3733,2
3734,1
3735,8
3736,1
3737,1
3738,0
3739,6
3740,0
3741,13
3742,0
3743,18
3744,4
3745,16
3746,0
3747,0
3748,2
3749,2
3750,0
3751,0
3752,0
3753,0
3754,0
3755,0
3756,0
3757,0
3758,6
3759,7
3760,0
3761,0
3762,0
3763,0
3764,9
3765,0
3766,13
3767,1
3768,0
3769,8
3770,0
3771,0
3772,3
3773,0
3774,1
3775,0
3776,0
3777,1
3778,6
3779,0
3780,0
3781,8
3782,0
3783,0
3784,1
3785,1
3786,28
3787,0
3788,0
3789,0
3790,0
3791,9
3792,0
3793,0
3794,0
3795,0
3796,13
3797,1
3798,26
3799,1
3800,0
3801,1
3802,0
3803,0
3804,1
3805,28
3806,1
3807,18
3808,0
3809,0
3810,1
3811,0
3812,0
3813,0
3814,0
3815,0
3816,0
3817,0
3818,4
3819,6
3820,0
3821,0
3822,1
3823,0
3824,2
3825,0
3826,0
3827,1
3828,0
3829,13
3830,0
3831,0
3832,0
3833,1
3834,6
3835,0
3836,1
3837,0
3838,0
3839,0
3840,1
3841,5
3842,1
3843,6
3844,0
3845,0
3846,0
3847,0
3848,1
3849,7
3850,0
3851,0
3852,0
3853,0
3854,25
3855,25
3856,1
3857,0
3858,0
3859,0
3860,1
3861,0
3862,0
3863,0
3864,0
3865,0
3866,1
3867,0
3868,1
3869,6
3870,0
3871,0
3872,1
3873,9
3874,0
3875,0
3876,0
3877,0
3878,6
3879,1
3880,0
3881,12
3882,32
3883,0
3884,1
3885,0
3886,0
3887,0
3888,0
3889,1
3890,0
3891,0
3892,24
3893,1
3894,13
3895,0
3896,8
3897,0
3898,15
3899,2
3900,1
3901,0
3902,23
3903,2
3904,11
3905,15
3906,0
3907,0
3908,0
3909,0
3910,0
3911,0
3912,12
3913,0
3914,0
3915,0
3916,0
3917,0
3918,1
3919,0
3920,17
3921,5
3922,0
3923,1
3924,0
3925,0
3926,0
3927,1
3928,1
3929,18
3930,1
3931,1
3932,2
3933,2
3934,2
3935,0
3936,0
3937,7
3938,0
3939,0
3940,13
3941,8
3942,0
3943,0
3944,0
3945,0
3946,0
3947,1
3948,6
3949,0
3950,2
3951,1
3952,1
3953,0
3954,8
3955,0
3956,0
3957,0
3958,1
3959,28
3960,0
3961,0
3962,1
3963,0
3964,6
3965,0
3966,1
3967,0
3968,1
3969,0
3970,0
3971,0
3972,8
3973,1
3974,0
3975,1
3976,0
3977,0
3978,0
3979,1
3980,1
3981,0
3982,7
3983,0
3984,0
3985,6
3986,5
3987,1
3988,26
3989,7
3990,30
3991,2
3992,1
3993,18
3994,0
3995,6
3996,17
3997,8
3998,0
3999,2
4000,0
4001,1
4002,1
4003,0
4004,0
4005,0
4006,28
4007,2
4008,1
4009,0
4010,2
4011,0
4012,9
4013,1
4014,0
4015,1
4016,0
4017,30
4018,1
4019,0
4020,0
4021,0
4022,1
4023,0
4024,2
4025,2
4026,4
4027,2
4028,0
4029,15
4030,0
4031,2
4032,0
4033,17
4034,0
4035,1
4036,0
4037,0
4038,9
4039,6
4040,0
4041,0
4042,13
4043,0
4044,38
4045,4
4046,8
4047,1
4048,4
4049,0
4050,0
4051,26
4052,28
4053,4
4054,0
4055,0
4056,1
4057,0
4058,9
4059,0
4060,0
4061,0
4062,0
4063,15
4064,0
4065,5
4066,0
4067,0
4068,0
4069,0
4070,0
4071,25
4072,0
4073,0
4074,0
4075,0
4076,0
4077,0
4078,0
4079,13
4080,1
4081,0
4082,18
4083,0
4084,1
4085,26
4086,0
4087,0
4088,0
4089,0
4090,0
4091,0
4092,0
4093,0
4094,0
4095,0
4096,0
4097,0
4098,1
4099,1
4100,1
4101,16
4102,30
4103,0
4104,1
4105,0
4106,0
4107,8
4108,13
4109,0
4110,1
4111,27
4112,0
4113,17
4114,0
4115,1
4116,0
4117,0
4118,0
4119,3
4120,0
4121,0
4122,0
4123,0
4124,0
4125,0
4126,1
4127,0
4128,8
4129,2
4130,0
4131,7
4132,0
4133,0
4134,0
4135,0
4136,1
4137,0
4138,0
4139,36
4140,0
4141,0
4142,1
4143,10
4144,0
4145,0
4146,0
4147,18
4148,0
4149,0
4150,0
4151,7
4152,1
4153,0
4154,0
4155,2
4156,0
4157,1
4158,1
4159,6
4160,1
4161,0
4162,2
4163,0
4164,1
4165,0
4166,0
4167,1
4168,1
4169,1
4170,1
4171,6
4172,1
4173,0
4174,0
4175,0
4176,1
4177,1
4178,0
4179,13
4180,0
4181,6
4182,0
4183,2
4184,1
4185,1
4186,0
4187,0
4188,2
4189,0
4190,7
4191,0
4192,1
4193,0
4194,1
4195,0
4196,6
4197,2
4198,0
4199,7
4200,15
4201,2
4202,1
4203,0
4204,0
4205,0
4206,0
4207,0
4208,2
4209,1
4210,1
4211,0
4212,0
4213,3
4214,0
4215,0
4216,0
4217,0
4218,0
4219,7
4220,1
4221,2
4222,18
4223,0
4224,0
4225,1
4226,0
4227,9
4228,0
4229,0
4230,0
4231,0
4232,0
4233,5
4234,0
4235,0
4236,1
4237,23
4238,8
4239,0
4240,1
4241,2
4242,0
4243,0
4244,0
4245,16
4246,0
4247,9
4248,0
4249,2
4250,0
4251,1
4252,1
4253,1
4254,25
4255,0
4256,16
4257,0
4258,0
4259,0
4260,0
4261,4
4262,0
4263,1
4264,0
4265,13
4266,0
4267,17
4268,0
4269,0
4270,1
4271,0
4272,2
4273,0
4274,8
4275,0
4276,0
4277,0
4278,7
4279,0
4280,1
4281,1
4282,0
4283,0
4284,20
4285,0
4286,2
4287,0
4288,0
4289,13
4290,16
4291,0
4292,0
4293,1
4294,1
4295,0
4296,0
4297,0
4298,0
4299,0
4300,2
4301,0
4302,0
4303,0
4304,0
4305,0
4306,0
4307,2
4308,0
4309,0
4310,0
4311,0
4312,1
4313,0
4314,4
4315,0
4316,3
4317,1
4318,0
4319,27
4320,1
4321,4
4322,0
4323,0
4324,2
4325,0
4326,2
4327,1
4328,0
4329,1
4330,28
4331,0
4332,2
4333,0
4334,0
4335,0
4336,0
4337,39
4338,0
4339,0
4340,18
4341,0
4342,1
4343,1
4344,0
4345,0
4346,2
4347,0
4348,0
4349,7
4350,1
4351,2
4352,1
4353,0
4354,0
4355,0
4356,0
4357,19
4358,0
4359,0
4360,0
4361,0
4362,0
4363,0
4364,2
4365,32
4366,1
4367,0
4368,0
4369,0
4370,0
4371,0
4372,2
4373,1
4374,0
4375,0
4376,0
4377,0
4378,0
4379,0
4380,0
4381,0
4382,0
4383,0
4384,5
4385,0
4386,1
4387,0
4388,0
4389,1
4390,1
4391,0
4392,1
4393,2
4394,6
4395,0
4396,0
4397,5
4398,0
4399,0
4400,0
4401,0
4402,0
4403,0
4404,8
4405,16
4406,17
4407,0
4408,0
4409,17
4410,0
4411,0
4412,0
4413,0
4414,0
4415,0
4416,11
4417,4
4418,0
4419,0
4420,30
4421,0
4422,13
4423,9
4424,1
4425,0
4426,0
4427,0
4428,0
4429,30
4430,0
4431,1
4432,16
4433,6
4434,0
4435,1
4436,0
4437,0
4438,0
4439,11
4440,0
4441,0
4442,0
4443,0
4444,0
4445,0
4446,0
4447,0
4448,1
4449,0
4450,11
4451,0
4452,1
4453,0
4454,4
4455,9
4456,1
4457,0
4458,25
4459,1
4460,0
4461,0
4462,0
4463,13
4464,0
4465,2
4466,0
4467,4
4468,0
4469,1
4470,0
4471,4
4472,0
4473,0
4474,26
4475,0
4476,0
4477,0
4478,32
4479,0
4480,0
4481,0
4482,0
4483,4
4484,0
4485,1
4486,0
4487,11
4488,1
4489,0
4490,1
4491,0
4492,4
4493,1
4494,19
4495,0
4496,1
4497,19
4498,0
4499,1
4500,24
4501,1
4502,0
4503,0
4504,0
4505,0
4506,5
4507,3
4508,2
4509,1
4510,1
4511,0
4512,36
4513,1
4514,0
4515,2
4516,26
4517,0
4518,0
4519,1
4520,0
4521,0
4522,1
4523,3
4524,0
4525,1
4526,2
4527,1
4528,32
4529,2
4530,0
4531,0
4532,0
4533,18
4534,6
4535,3
4536,0
4537,0
4538,0
4539,0
4540,2
4541,7
4542,0
4543,0
4544,1
4545,12
4546,0
4547,0
4548,36
4549,0
4550,0
4551,0
4552,0
4553,0
4554,0
4555,7
4556,0
4557,7
4558,0
4559,4
4560,18
4561,1
4562,7
4563,0
4564,7
4565,0
4566,2
4567,0
4568,0
4569,0
4570,0
4571,2
4572,0
4573,0
4574,1
4575,0
4576,36
4577,0
4578,0
4579,0
4580,1
4581,1
4582,22
4583,0
4584,1
4585,0
4586,0
4587,2
4588,1
4589,30
4590,8
4591,0
4592,0
4593,0
4594,0
4595,0
4596,33
4597,0
4598,1
4599,0
4600,0
4601,0
4602,1
4603,0
4604,2
4605,0
4606,0
4607,2
4608,2
4609,13
4610,0
4611,12
4612,17
4613,1
4614,1
4615,0
4616,0
4617,1
4618,0
4619,13
4620,0
4621,1
4622,3
4623,10
4624,1
4625,1
4626,0
4627,6
4628,2
4629,0
4630,13
4631,0
4632,0
4633,1
4634,0
4635,1
4636,0
4637,4
4638,0
4639,1
4640,16
4641,7
4642,6
4643,1
4644,1
4645,8
4646,0
4647,13
4648,0
4649,2
4650,0
4651,0
4652,0
4653,16
4654,0
4655,0
4656,1
4657,0
4658,1
4659,4
4660,0
4661,0
4662,13
4663,0
4664,0
4665,0
4666,0
4667,0
4668,0
4669,1
4670,0
4671,0
4672,0
4673,0
4674,13
4675,1
4676,2
4677,0
4678,0
4679,0
4680,0
4681,7
4682,7
4683,0
4684,0
4685,0
4686,2
4687,2
4688,0
4689,0
4690,0
4691,19
4692,18
4693,0
4694,1
4695,0
4696,0
4697,0
4698,0
4699,2
4700,7
4701,0
4702,6
4703,1
4704,0
4705,0
4706,0
4707,0
4708,13
4709,0
4710,1
4711,0
4712,1
4713,1
4714,12
4715,0
4716,0
4717,1
4718,0
4719,10
4720,18
4721,0
4722,0
4723,6
4724,1
4725,0
4726,2
4727,0
4728,1
4729,0
4730,0
4731,0
4732,4
4733,0
4734,0
4735,0
4736,0
4737,1
4738,1
4739,1
4740,2
4741,2
4742,1
4743,0
4744,13
4745,1
4746,10
4747,0
4748,1
4749,0
4750,2
4751,0
4752,0
4753,1
4754,0
4755,0
4756,0
4757,1
4758,1
4759,0
4760,3
4761,0
4762,1
4763,1
4764,1
4765,0
4766,4
4767,1
4768,0
4769,0
4770,28
4771,0
4772,1
4773,7
4774,0
4775,1
4776,1
4777,0
4778,1
4779,0
4780,1
4781,13
4782,0
4783,2
4784,1
4785,0
4786,1
4787,0
4788,0
4789,0
4790,0
4791,8
4792,0
4793,0
4794,13
4795,0
4796,1
4797,0
4798,0
4799,7
4800,0
4801,1
4802,0
4803,6
4804,1
4805,8
4806,6
4807,0
4808,0
4809,0
4810,12
4811,1
4812,1
4813,0
4814,0
4815,4
4816,0
4817,8
4818,0
4819,9
4820,0
4821,2
4822,1
4823,26
4824,0
4825,3
4826,1
4827,1
4828,4
4829,1
4830,0
4831,0
4832,4
4833,0
4834,28
4835,0
4836,0
4837,1
4838,0
4839,6
4840,6
4841,25
4842,0
4843,17
4844,0
4845,15
4846,1
4847,0
4848,1
4849,1
4850,2
4851,0
4852,0
4853,7
4854,0
4855,6
4856,1
4857,0
4858,0
4859,0
4860,28
4861,0
4862,0
4863,9
4864,1
4865,0
4866,1
4867,0
4868,0
4869,0
4870,0
4871,1
4872,0
4873,0
4874,0
4875,0
4876,0
4877,0
4878,0
4879,26
4880,11
4881,0
4882,4
4883,0
4884,0
4885,0
4886,0
4887,1
4888,10
4889,0
4890,1
4891,0
4892,0
4893,10
4894,0
4895,0
4896,6
4897,0
4898,0
4899,1
4900,0
4901,0
4902,0
4903,7
4904,0
4905,0
4906,7
4907,0
4908,0
4909,1
4910,0
4911,0
4912,1
4913,2
4914,0
4915,0
4916,0
4917,0
4918,0
4919,0
4920,10
4921,0
4922,0
4923,0
4924,1
4925,13
4926,0
4927,0
4928,0
4929,0
4930,0
4931,1
4932,2
4933,0
4934,28
4935,1
4936,0
4937,0
4938,0
4939,0
4940,0
4941,0
4942,0
4943,0
4944,0
4945,6
4946,0
4947,0
4948,0
4949,13
4950,1
4951,4
4952,9
4953,0
4954,0
4955,0
4956,0
4957,0
4958,0
4959,1
4960,0
4961,1
4962,1
4963,0
4964,0
4965,2
4966,12
4967,0
4968,5
4969,0
4970,7
4971,0
4972,0
4973,0
4974,0
4975,2
4976,17
4977,0
4978,1
4979,0
4980,1
4981,0
4982,0
4983,0
4984,7
4985,1
4986,7
4987,0
4988,0
4989,0
4990,18
4991,0
4992,1
4993,0
4994,1
4995,0
4996,7
4997,0
4998,1
4999,0
5000,1
5001,0
5002,7
5003,1
5004,0
5005,0
5006,6
5007,0
5008,4
5009,1
5010,0
5011,0
5012,0
5013,0
5014,0
5015,0
5016,0
5017,0
5018,0
5019,11
5020,0
5021,1
5022,0
5023,1
5024,1
5025,0
5026,0
5027,0
5028,1
5029,9
5030,0
5031,1
5032,2
5033,2
5034,0
5035,2
5036,5
5037,0
5038,5
5039,0
5040,1
5041,0
5042,0
5043,0
5044,0
5045,0
5046,26
5047,0
5048,8
5049,1
5050,0
5051,0
5052,0
5053,0
5054,4
5055,30
5056,0
5057,2
5058,1
5059,2
5060,0
5061,36
5062,0
5063,36
5064,28
5065,0
5066,0
5067,0
5068,0
5069,0
5070,0
5071,25
5072,0
5073,39
5074,0
5075,1
5076,36
5077,0
5078,2
5079,4
5080,0
5081,6
5082,2
5083,7
5084,0
5085,0
5086,1
5087,1
5088,0
5089,28
5090,0
5091,7
5092,1
5093,0
5094,30
5095,0
5096,0
5097,0
5098,0
5099,1
5100,16
5101,0
5102,0
5103,0
5104,4
5105,0
5106,0
5107,0
5108,0
5109,0
5110,0
5111,0
5112,13
5113,0
5114,0
5115,0
5116,1
5117,13
5118,1
5119,0
5120,3
5121,1
5122,0
5123,0
5124,0
5125,0
5126,7
5127,4
5128,0
5129,0
5130,2
5131,10
5132,8
5133,1
5134,0
5135,0
5136,11
5137,0
5138,0
5139,2
5140,16
5141,1
5142,1
5143,0
5144,0
5145,26
5146,1
5147,0
5148,16
5149,1
5150,18
5151,0
5152,23
5153,0
5154,1
5155,1
5156,0
5157,0
5158,2
5159,1
5160,0
5161,1
5162,0
5163,0
5164,2
5165,0
5166,0
5167,9
5168,28
5169,2
5170,1
5171,0
5172,0
5173,0
5174,0
5175,7
5176,17
5177,0
5178,0
5179,1
5180,0
5181,0
5182,0
5183,1
5184,0
5185,11
5186,0
5187,1
5188,0
5189,36
5190,1
5191,1
5192,0
5193,7
5194,4
5195,0
5196,0
5197,0
5198,0
5199,0
5200,0
5201,0
5202,1
5203,28
5204,0
5205,0
5206,13
5207,0
5208,13
5209,0
5210,0
5211,17
5212,0
5213,0
5214,1
5215,7
5216,1
5217,0
5218,1
5219,4
5220,3
5221,1
5222,1
5223,1
5224,4
5225,0
5226,11
5227,3
5228,28
5229,0
5230,0
5231,1
5232,0
5233,0
5234,0
5235,15
5236,6
5237,0
5238,0
5239,8
5240,0
5241,30
5242,0
5243,0
5244,0
5245,4
5246,0
5247,0
5248,0
5249,0
5250,8
5251,0
5252,2
5253,0
5254,9
5255,1
5256,1
5257,2
5258,0
5259,0
5260,16
5261,13
5262,0
5263,1
5264,0
5265,18
5266,26
5267,0
5268,8
5269,4
5270,2
5271,9
5272,1
5273,12
5274,13
5275,7
5276,1
5277,0
5278,0
5279,7
5280,7
5281,0
5282,0
5283,0
5284,0
5285,0
5286,0
5287,0
5288,1
5289,0
5290,0
5291,2
5292,1
5293,3
5294,1
5295,1
5296,0
5297,1
5298,7
5299,36
5300,2
5301,8
5302,1
5303,0
5304,0
5305,0
5306,0
5307,0
5308,2
5309,0
5310,0
5311,2
5312,1
5313,2
5314,1
5315,1
5316,0
5317,0
5318,1
5319,1
5320,13
5321,1
5322,8
5323,0
5324,0
5325,20
5326,13
5327,0
5328,0
5329,0
5330,0
5331,0
5332,36
5333,0
5334,0
5335,6
5336,11
5337,0
5338,1
5339,0
5340,0
5341,0
5342,23
5343,13
5344,0
5345,0
5346,0
5347,1
5348,1
5349,2
5350,7
5351,11
5352,1
5353,0
5354,2
5355,13
5356,0
5357,2
5358,0
5359,0
5360,1
5361,1
5362,0
5363,0
5364,2
5365,0
5366,0
5367,1
5368,0
5369,0
5370,0
5371,0
5372,0
5373,4
5374,9
5375,10
5376,0
5377,1
5378,0
5379,0
5380,0
5381,0
5382,1
5383,1
5384,0
5385,0
5386,18
5387,0
5388,1
5389,2
5390,0
5391,0
5392,0
5393,0
5394,1
5395,0
5396,13
5397,1
5398,16
5399,2
5400,0
5401,0
5402,0
5403,0
5404,0
5405,0
5406,0
5407,0
5408,1
5409,0
5410,0
5411,13
5412,0
5413,0
5414,0
5415,0
5416,0
5417,0
5418,0
5419,0
5420,0
5421,10
5422,1
5423,0
5424,11
5425,1
5426,0
5427,0
5428,4
5429,1
5430,18
5431,1
5432,0
5433,0
5434,26
5435,0
5436,0
5437,0
5438,0
5439,0
5440,0
5441,20
5442,0
5443,0
5444,17
5445,0
5446,0
5447,0
5448,13
5449,11
5450,1
5451,0
5452,9
5453,0
5454,0
5455,13
5456,1
5457,0
5458,0
5459,36
5460,1
5461,0
5462,0
5463,0
5464,3
5465,0
5466,11
5467,28
5468,0
5469,13
5470,0
5471,4
5472,0
5473,0
5474,0
5475,3
5476,8
5477,24
5478,0
5479,2
5480,18
5481,0
5482,0
5483,0
5484,0
5485,0
5486,25
5487,0
5488,0
5489,0
5490,16
5491,13
5492,1
5493,0
5494,1
5495,0
5496,0
5497,0
5498,1
5499,24
5500,1
5501,0
5502,6
5503,8
5504,1
5505,0
5506,0
5507,0
5508,0
5509,0
5510,1
5511,1
5512,1
5513,0
5514,2
5515,0
5516,12
5517,0
5518,0
5519,26
5520,2
5521,2
5522,0
5523,1
5524,0
5525,0
5526,0
5527,0
5528,1
5529,1
5530,0
5531,0
5532,0
5533,13
5534,0
5535,0
5536,0
5537,1
5538,5
5539,0
5540,0
5541,0
5542,0
5543,17
5544,0
5545,1
5546,23
5547,0
5548,1
5549,0
5550,1
5551,4
5552,2
5553,0
5554,0
5555,0
5556,1
5557,0
5558,0
5559,0
5560,0
5561,1
5562,23
5563,1
5564,0
5565,0
5566,0
5567,7
5568,1
5569,0
5570,1
5571,0
5572,9
5573,6
5574,23
5575,0
5576,0
5577,0
5578,0
5579,0
5580,13
5581,0
5582,0
5583,0
5584,0
5585,1
5586,19
5587,9
5588,2
5589,0
5590,0
5591,0
5592,0
5593,0
5594,0
5595,1
5596,1
5597,28
5598,0
5599,12
5600,0
5601,5
5602,0
5603,7
5604,0
5605,0
5606,2
5607,1
5608,0
5609,0
5610,0
5611,0
5612,0
5613,7
5614,39
5615,1
5616,0
5617,0
5618,0
5619,0
5620,0
5621,0
5622,1
5623,8
5624,1
5625,7
5626,1
5627,1
5628,0
5629,1
5630,0
5631,0
5632,13
5633,0
5634,0
5635,2
5636,1
5637,0
5638,0
5639,6
5640,5
5641,0
5642,1
5643,7
5644,5
5645,0
5646,0
5647,6
5648,1
5649,0
5650,36
5651,0
5652,28
5653,28
5654,0
5655,0
5656,0
5657,1
5658,0
5659,0
5660,30
5661,0
5662,0
5663,4
5664,13
5665,2
5666,1
5667,0
5668,28
5669,1
5670,1
5671,1
5672,0
5673,0
5674,0
5675,7
5676,4
5677,0
5678,0
5679,0
5680,0
5681,23
5682,0
5683,0
5684,1
5685,7
5686,8
5687,2
5688,5
5689,0
5690,0
5691,1
5692,0
5693,1
5694,0
5695,9
5696,0
5697,0
5698,0
5699,0
5700,0
5701,7
5702,1
5703,0
5704,0
5705,1
5706,0
5707,0
5708,7
5709,0
5710,0
5711,0
5712,0
5713,15
5714,2
5715,0
5716,18
5717,2
5718,0
5719,0
5720,0
5721,4
5722,16
5723,0
5724,1
5725,7
5726,4
5727,0
5728,0
5729,0
5730,0
5731,0
5732,0
5733,0
5734,0
5735,0
5736,18
5737,8
5738,0
5739,0
5740,1
5741,0
5742,0
5743,0
5744,6
5745,0
5746,0
5747,13
5748,1
5749,1
5750,4
5751,0
5752,0
5753,0
5754,0
5755,0
5756,26
5757,0
5758,8
5759,2
5760,8
5761,0
5762,0
5763,1
5764,9
5765,1
5766,0
5767,1
5768,0
5769,0
5770,0
5771,0
5772,0
5773,0
5774,1
5775,0
5776,0
5777,2
5778,1
5779,0
5780,9
5781,0
5782,11
5783,0
5784,0
5785,0
5786,0
5787,0
5788,2
5789,0
5790,0
5791,1
5792,0
5793,0
5794,7
5795,0
5796,0
5797,0
5798,37
5799,0
5800,0
5801,0
5802,18
5803,0
5804,0
5805,1
5806,1
5807,0
5808,0
5809,1
5810,0
5811,0
5812,7
5813,2
5814,13
5815,0
5816,13
5817,0
5818,4
5819,0
5820,2
5821,1
5822,2
5823,7
5824,7
5825,13
5826,11
5827,0
5828,1
5829,26
5830,0
5831,0
5832,1
5833,0
5834,0
5835,0
5836,0
5837,0
5838,13
5839,0
5840,0
5841,0
5842,0
5843,0
5844,0
5845,9
5846,0
5847,3
5848,30
5849,0
5850,0
5851,1
5852,2
5853,1
5854,36
5855,7
5856,13
5857,13
5858,0
5859,0
5860,0
5861,1
5862,0
5863,1
5864,7
5865,0
5866,0
5867,2
5868,11
5869,26
5870,0
5871,2
5872,0
5873,0
5874,12
5875,0
5876,3
5877,4
5878,1
5879,0
5880,0
5881,6
5882,12
5883,9
5884,1
5885,0
5886,0
5887,2
5888,0
5889,0
5890,0
5891,0
5892,13
5893,0
5894,0
5895,0
5896,0
5897,0
5898,0
5899,3
5900,0
5901,0
5902,13
5903,0
5904,0
5905,0
5906,0
5907,0
5908,0
5909,8
5910,0
5911,0
5912,0
5913,0
5914,0
5915,0
5916,8
5917,7
5918,1
5919,28
5920,0
5921,17
5922,0
5923,6
5924,0
5925,0
5926,16
5927,0
5928,0
5929,28
5930,0
5931,1
5932,2
5933,12
5934,0
5935,0
5936,7
5937,0
5938,8
5939,0
5940,1
5941,0
5942,0
5943,0
5944,1
5945,2
5946,0
5947,1
5948,12
5949,1
5950,0
5951,0
5952,1
5953,0
5954,18
5955,5
5956,1
5957,0
5958,0
5959,0
5960,1
5961,0
5962,12
5963,1
5964,0
5965,0
5966,7
5967,0
5968,1
5969,4
5970,0
5971,0
5972,0
5973,0
5974,0
5975,0
5976,0
5977,0
5978,1
5979,0
5980,1
5981,0
5982,32
5983,0
5984,0
5985,9
5986,0
5987,0
5988,2
5989,0
5990,0
5991,2
5992,1
5993,0
5994,0
5995,7
5996,9
5997,1
5998,1
5999,0
6000,0
6001,0
6002,2
6003,6
6004,0
6005,28
6006,1
6007,0
6008,0
6009,1
6010,0
6011,0
6012,0
6013,0
6014,7
6015,1
6016,0
6017,0
6018,0
6019,0
6020,1
6021,2
6022,0
6023,0
6024,4
6025,0
6026,26
6027,0
6028,0
6029,1
6030,0
6031,0
6032,1
6033,1
6034,0
6035,0
6036,0
6037,0
6038,0
6039,0
6040,0
6041,0
6042,1
6043,0
6044,1
6045,0
6046,0
6047,0
6048,1
6049,1
6050,28
6051,0
6052,0
6053,0
6054,0
6055,1
6056,0
6057,0
6058,0
6059,0
6060,0
6061,1
6062,7
6063,18
6064,0
6065,0
6066,0
6067,0
6068,1
6069,1
6070,0
6071,1
6072,1
6073,4
6074,0
6075,0
6076,2
6077,5
6078,0
6079,0
6080,2
6081,1
6082,0
6083,0
6084,1
6085,13
6086,0
6087,5
6088,0
6089,8
6090,1
6091,0
6092,0
6093,0
6094,0
6095,0
6096,0
6097,0
6098,0
6099,2
6100,2
6101,0
6102,1
6103,0
6104,6
6105,1
6106,0
6107,1
6108,1
6109,2
6110,1
6111,0
6112,0
6113,0
6114,0
6115,0
6116,0
6117,18
6118,0
6119,0
6120,0
6121,0
6122,0
6123,0
6124,0
6125,0
6126,0
6127,0
6128,0
6129,0
6130,0
6131,0
6132,1
6133,1
6134,0
6135,0
6136,1
6137,0
6138,0
6139,1
6140,9
6141,0
6142,0
6143,0
6144,6
6145,0
6146,4
6147,0
6148,32
6149,0
6150,0
6151,0
6152,9
6153,0
6154,1
6155,0
6156,0
6157,0
6158,0
6159,0
6160,0
6161,6
6162,0
6163,0
6164,0
6165,0
6166,0
6167,0
6168,2
6169,1
6170,1
6171,32
6172,0
6173,0
6174,1
6175,0
6176,1
6177,0
6178,0
6179,1
6180,0
6181,0
6182,1
6183,5
6184,0
6185,0
6186,0
6187,28
6188,1
6189,0
6190,0
6191,0
6192,0
6193,18
6194,0
6195,1
6196,0
6197,0
6198,0
6199,0
6200,7
6201,0
6202,9
6203,0
6204,0
6205,0
6206,0
6207,0
6208,0
6209,28
6210,13
6211,0
6212,0
6213,0
6214,2
6215,0
6216,1
6217,0
6218,1
6219,0
6220,0
6221,1
6222,8
6223,1
6224,0
6225,1
6226,0
6227,0
6228,0
6229,0
6230,28
6231,13
6232,0
6233,1
6234,1
6235,0
6236,0
6237,0
6238,26
6239,0
6240,0
6241,7
6242,1
6243,0
6244,0
6245,0
6246,0
6247,0
6248,0
6249,5
6250,0
6251,5
6252,1
6253,1
6254,0
6255,1
6256,9
6257,26
6258,2
6259,0
6260,0
6261,0
6262,36
6263,0
6264,0
6265,0
6266,1
6267,0
6268,1
6269,0
6270,7
6271,1
6272,7
6273,0
6274,0
6275,0
6276,0
6277,17
6278,0
6279,1
6280,13
6281,7
6282,1
6283,9
6284,1
6285,11
6286,13
6287,0
6288,7
6289,18
6290,0
6291,0
6292,1
6293,1
6294,0
6295,0
6296,0
6297,0
6298,16
6299,8
6300,0
6301,0
6302,0
6303,1
6304,0
6305,28
6306,0
6307,0
6308,1
6309,0
6310,17
6311,1
6312,17
6313,2
6314,0
6315,1
6316,1
6317,1
6318,0
6319,0
6320,0
6321,0
6322,16
6323,0
6324,0
6325,1
6326,7
6327,0
6328,1
6329,0
6330,32
6331,24
6332,6
6333,0
6334,0
6335,0
6336,1
6337,0
6338,4
6339,0
6340,0
6341,0
6342,0
6343,0
6344,0
6345,1
6346,0
6347,0
6348,0
6349,0
6350,1
6351,0
6352,1
6353,4
6354,0
6355,1
6356,0
6357,0
6358,8
6359,13
6360,0
6361,28
6362,0
6363,0
6364,7
6365,1
6366,0
6367,12
6368,0
6369,1
6370,0
6371,1
6372,0
6373,0
6374,0
6375,0
6376,0
6377,0
6378,8
6379,0
6380,1
6381,0
6382,0
6383,0
6384,0
6385,0
6386,1
6387,1
6388,0
6389,1
6390,7
6391,10
6392,0
6393,2
6394,0
6395,1
6396,4
6397,0
6398,0
6399,0
6400,0
6401,0
6402,0
6403,0
6404,4
6405,7
6406,2
6407,2
6408,1
6409,2
6410,0
6411,7
6412,23
6413,0
6414,7
6415,8
6416,0
6417,0
6418,8
6419,0
6420,0
6421,0
6422,0
6423,0
6424,2
6425,1
6426,0
6427,0
6428,2
6429,11
6430,6
6431,26
6432,8
6433,0
6434,0
6435,1
6436,0
6437,4
6438,20
6439,0
6440,0
6441,1
6442,0
6443,0
6444,0
6445,0
6446,0
6447,0
6448,0
6449,1
6450,0
6451,1
6452,2
6453,0
6454,25
6455,9
6456,1
6457,0
6458,0
6459,0
6460,1
6461,0
6462,0
6463,2
6464,1
6465,10
6466,0
6467,0
6468,0
6469,8
6470,1
6471,0
6472,2
6473,1
6474,0
6475,0
6476,0
6477,0
6478,9
6479,0
6480,26
6481,1
6482,0
6483,0
6484,0
6485,1
6486,0
6487,0
6488,13
6489,0
6490,6
6491,1
6492,1
6493,0
6494,0
6495,0
6496,1
6497,26
6498,8
6499,0
6500,4
6501,0
6502,0
6503,2
6504,0
6505,0
6506,1
6507,1
6508,0
6509,2
6510,12
6511,2
6512,1
6513,8
6514,7
6515,0
6516,0
6517,0
6518,19
6519,0
6520,7
6521,2
6522,1
6523,13
6524,0
6525,1
6526,1
6527,6
6528,0
6529,0
6530,0
6531,0
6532,36
6533,1
6534,0
6535,0
6536,1
6537,0
6538,1
6539,0
6540,0
6541,0
6542,9
6543,1
6544,0
6545,0
6546,0
6547,0
6548,0
6549,0
6550,1
6551,28
6552,0
6553,0
6554,1
6555,0
6556,2
6557,16
6558,0
6559,0
6560,0
6561,0
6562,1
6563,0
6564,8
6565,1
6566,0
6567,0
6568,0
6569,1
6570,0
6571,28
6572,1
6573,0
6574,0
6575,30
6576,8
6577,7
6578,1
6579,0
6580,0
6581,0
6582,2
6583,9
6584,2
6585,1
6586,0
6587,1
6588,0
6589,8
6590,0
6591,2
6592,0
6593,17
6594,25
6595,0
6596,0
6597,0
6598,0
6599,1
